{"cameraMode":{"drawMode":0,"name":"Shaded","section":"Shading Mode"},"sceneLighting":false,"audioPlay":false,"sceneViewState":{"showFog":true,"showMaterialUpdate":false,"showSkybox":true,"showFlares":true,"showImageEffects":true,"showParticleSystems":true},"in2DMode":false,"pivot":{"x":0.00028884410858154297,"y":0.7876560688018799,"z":0.0},"rotation":{"x":0.16209357976913453,"y":0.7601720094680786,"z":-0.20743805170059205,"w":0.5939980149269104},"size":4.937806129455566,"orthographic":false}